Nº de processos,IO de Rede (Sync),CPU (Sync),IO de Rede (Async),CPU (Async)
10,2.22,0.009999999999999787,0.11,0.039999999999999994
50,11.12,0.5600000000000005,0.08,0.14
100,17.4,0.8200000000000003,0.01,0.36
